N;ALL
1.0000;298.3145
1.0100;281.2545
1.0200;265.4434
1.0300;250.7708
1.0400;237.1376
1.0500;224.4548
1.0600;212.6420
1.0700;201.6269
1.0800;191.3439
1.0900;181.7340
1.1000;172.7433
1.1100;164.0762
1.1200;155.9259
1.1300;148.2794
1.1400;141.0988
1.1500;134.3493
1.1600;127.9991
1.1700;122.0192
1.1800;116.3832
1.1900;111.0667
1.2000;106.0473
1.2100;101.3047
1.2200;96.8199
1.2300;92.5757
1.2400;88.5561
1.2500;84.7464
1.2600;81.1329
1.2700;77.7033
1.2800;74.4457
1.2900;71.3496
1.3000;68.4048
1.3100;65.6023
1.3200;62.9335
1.3300;60.5833
1.3400;58.3458
1.3500;56.2100
1.3600;54.1701
1.3700;52.2208
1.3800;50.3570
1.3900;48.5739
1.4000;46.8673
1.4100;45.2912
1.4200;43.8262
1.4300;42.4213
1.4400;41.0735
1.4500;39.7528
1.4600;38.4826
1.4700;37.2625
1.4800;36.0897
1.4900;34.9159
1.5000;33.7299
1.5100;32.5892
1.5200;31.4915
1.5300;30.4348
1.5400;29.4172
1.5500;28.0507
1.5600;26.7218
1.5700;25.4427
1.5800;24.4150
1.5900;23.5187
1.6000;22.6536
1.6100;21.8185
1.6200;21.0120
1.6300;20.2329
1.6400;19.4798
1.6500;18.7518
1.6600;18.1248
1.6700;17.5480
1.6800;16.9894
1.6900;16.4482
1.7000;15.7971
1.7100;14.9086
1.7200;14.3772
1.7300;13.8781
1.7400;13.3941
1.7500;12.9244
1.7600;12.4685
1.7700;12.0259
1.7800;11.6215
1.7900;11.4806
1.8000;11.1982
1.8100;10.9740
1.8200;10.7147
1.8300;10.4289
1.8400;9.9861
1.8500;9.6547
1.8600;9.2065
1.8700;8.7212
1.8800;8.4181
1.8900;8.0686
1.9000;7.8911
1.9100;7.7437
1.9200;7.4114
1.9300;7.1091
1.9400;6.9368
1.9500;6.8892
1.9600;6.8076
1.9700;6.7371
1.9800;6.5838
1.9900;6.3014
2.0000;6.1725
2.0100;5.9532
2.0200;5.9806
2.0300;5.9174
2.0400;5.6101
2.0500;5.4375
2.0600;5.2853
2.0700;5.2649
2.0800;5.2421
2.0900;5.2585
2.1000;5.2154
2.1100;5.1031
2.1200;5.1689
2.1300;5.2018
2.1400;5.1050
2.1500;4.9734
2.1600;4.9093
2.1700;4.8151
2.1800;4.5638
2.1900;4.5342
2.2000;4.5203
2.2100;4.4145
2.2200;4.3224
2.2300;4.3822
2.2400;4.4409
2.2500;4.3420
2.2600;4.2354
2.2700;4.3469
2.2800;4.4958
2.2900;4.4572
2.3000;4.4035
2.3100;4.3068
2.3200;4.1831
2.3300;4.1774
2.3400;4.1562
2.3500;3.8937
2.3600;3.8766
2.3700;3.9292
2.3800;3.9944
2.3900;4.0736
2.4000;4.1004
2.4100;4.1274
2.4200;4.2245
2.4300;4.1734
2.4400;4.2320
2.4500;4.0920
2.4600;4.1990
2.4700;4.2160
2.4800;4.1866
2.4900;4.2487
2.5000;4.3317
2.5100;4.3516
2.5200;4.4247
2.5300;4.4911
2.5400;4.6329
2.5500;4.7670
2.5600;4.8379
2.5700;4.7956
2.5800;4.8475
2.5900;4.9198
2.6000;4.9910
2.6100;5.0610
2.6200;5.1408
2.6300;5.1675
2.6400;5.2128
2.6500;5.2575
2.6600;5.3586
2.6700;5.4426
2.6800;5.5253
2.6900;5.5490
2.7000;5.5298
2.7100;5.5521
2.7200;5.5904
2.7300;5.6375
2.7400;5.7889
2.7500;5.8777
2.7600;5.9158
2.7700;5.9138
2.7800;5.9904
2.7900;6.0270
2.8000;6.0126
2.8100;6.0470
2.8200;6.0810
2.8300;6.1341
2.8400;6.2321
2.8500;6.3003
2.8600;6.3575
2.8700;6.4196
2.8800;6.5235
2.8900;6.5332
2.9000;6.6006
2.9100;6.5403
2.9200;6.5838
2.9300;6.6846
2.9400;6.7457
2.9500;6.8033
2.9600;6.8601
2.9700;6.9092
2.9800;6.9322
2.9900;6.9549
3.0000;6.8866
3.0100;6.9233
3.0200;6.9778
3.0300;7.0635
3.0400;7.0963
3.0500;7.1173
3.0600;7.1787
3.0700;7.2040
3.0800;7.2341
3.0900;7.2689
3.1000;7.3033
3.1100;7.3662
3.1200;7.4452
3.1300;7.5231
3.1400;7.5749
3.1500;7.6100
3.1600;7.6447
3.1700;7.6789
3.1800;7.7155
3.1900;7.7599
3.2000;7.8178
3.2100;7.8555
3.2200;7.9046
3.2300;7.9531
3.2400;8.0010
3.2500;8.0457
3.2600;8.0776
3.2700;8.1092
3.2800;8.1709
3.2900;8.2319
3.3000;8.2764
3.3100;8.3204
3.3200;8.3639
3.3300;8.4068
3.3400;8.4492
3.3500;8.4911
3.3600;8.5325
3.3700;8.5735
3.3800;8.6139
3.3900;8.6539
3.4000;8.6934
3.4100;8.7217
3.4200;8.7443
3.4300;8.7667
3.4400;8.7888
3.4500;8.8152
3.4600;8.8416
3.4700;8.8678
3.4800;8.8937
3.4900;8.9193
3.5000;8.9428
3.5100;8.9640
3.5200;8.9850
3.5300;8.9977
3.5400;9.0407
3.5500;9.0760
3.5600;9.1109
3.5700;9.1344
3.5800;9.1555
3.5900;9.1763
3.6000;9.1970
3.6100;9.2175
3.6200;9.2455
3.6300;9.2784
3.6400;9.3110
3.6500;9.3432
3.6600;9.3751
3.6700;9.4066
3.6800;9.4378
3.6900;9.4687
3.7000;9.4976
3.7100;9.5155
3.7200;9.5333
3.7300;9.5509
3.7400;9.5683
3.7500;9.5856
3.7600;9.6027
3.7700;9.6196
3.7800;9.6341
3.7900;9.6436
3.8000;9.6529
3.8100;9.6622
3.8200;9.6714
3.8300;9.6805
3.8400;9.6959
3.8500;9.7444
3.8600;9.7531
3.8700;9.7617
3.8800;9.7702
3.8900;9.7786
3.9000;9.7870
3.9100;9.7953
3.9200;9.8036
3.9300;9.8118
3.9400;9.8199
3.9500;9.8388
3.9600;9.8579
3.9700;9.8769
3.9800;9.8929
3.9900;9.8990
4.0000;9.9051
4.0100;9.9111
4.0200;9.9171
4.0300;9.9231
4.0400;9.9290
4.0500;9.9349
4.0600;9.9407
4.0700;9.9465
4.0800;9.9522
4.0900;9.9579
4.1000;9.9635
4.1100;9.9691
4.1200;9.9747
4.1300;9.9802
4.1400;9.9881
4.1500;10.0037
4.1600;10.0192
4.1700;10.0345
4.1800;10.0497
4.1900;10.0564
4.2000;10.0598
4.2100;10.0631
4.2200;10.0664
4.2300;10.0697
4.2400;10.0729
4.2500;10.0762
4.2600;10.0805
4.2700;10.0850
4.2800;10.0895
4.2900;10.0940
4.3000;10.0984
4.3100;10.1028
4.3200;10.1072
4.3300;10.1116
4.3400;10.1289
4.3500;10.1518
4.3600;10.1745
4.3700;10.1970
4.3800;10.2193
4.3900;10.2414
4.4000;10.2666
4.4100;10.2931
4.4200;10.3074
4.4300;10.3155
4.4400;10.3236
4.4500;10.3316
4.4600;10.3396
4.4700;10.3475
4.4800;10.3554
4.4900;10.3631
4.5000;10.3709
4.5100;10.3786
4.5200;10.3862
4.5300;10.3938
4.5400;10.4013
4.5500;10.4088
4.5600;10.4162
4.5700;10.4236
4.5800;10.4309
4.5900;10.4382
4.6000;10.4454
4.6100;10.4525
4.6200;10.4597
4.6300;10.4667
4.6400;10.4738
4.6500;10.4807
4.6600;10.4877
4.6700;10.4945
4.6800;10.5014
4.6900;10.5082
4.7000;10.5149
4.7100;10.5216
4.7200;10.5283
4.7300;10.5349
4.7400;10.5414
4.7500;10.5480
4.7600;10.5544
4.7700;10.5609
4.7800;10.5673
4.7900;10.5736
4.8000;10.5799
4.8100;10.5862
4.8200;10.5924
4.8300;10.5986
4.8400;10.6048
4.8500;10.6109
4.8600;10.6170
4.8700;10.6230
4.8800;10.6290
4.8900;10.6350
4.9000;10.6409
4.9100;10.6468
4.9200;10.6526
4.9300;10.6584
4.9400;10.6642
4.9500;10.6766
4.9600;10.6905
4.9700;10.7044
4.9800;10.7181
4.9900;10.7318
5.0000;10.7453
5.0100;10.7588
5.0200;10.7721
5.0300;10.7854
5.0400;10.7986
5.0500;10.8116
5.0600;10.8246
5.0700;10.8375
5.0800;10.8503
5.0900;10.8630
5.1000;10.8757
5.1100;10.8882
5.1200;10.9007
5.1300;10.9130
5.1400;10.9253
5.1500;10.9375
5.1600;10.9496
5.1700;10.9617
5.1800;10.9736
5.1900;10.9855
5.2000;10.9973
5.2100;11.0090
5.2200;11.0207
5.2300;11.0322
5.2400;11.0437
5.2500;11.0551
5.2600;11.0664
5.2700;11.0777
5.2800;11.0889
5.2900;11.1000
5.3000;11.1110
5.3100;11.1220
5.3200;11.1329
5.3300;11.1437
5.3400;11.1544
5.3500;11.1651
5.3600;11.1757
5.3700;11.1863
5.3800;11.1968
5.3900;11.2072
5.4000;11.2175
5.4100;11.2278
5.4200;11.2380
5.4300;11.2482
5.4400;11.2582
5.4500;11.2683
5.4600;11.2782
5.4700;11.2881
5.4800;11.2979
5.4900;11.3077
5.5000;11.3174
5.5100;11.3271
5.5200;11.3367
5.5300;11.3462
5.5400;11.3557
5.5500;11.3651
5.5600;11.3745
5.5700;11.3838
5.5800;11.3930
5.5900;11.4022
5.6000;11.4113
5.6100;11.4204
5.6200;11.4294
5.6300;11.4384
5.6400;11.4473
5.6500;11.4562
5.6600;11.4650
5.6700;11.4737
5.6800;11.4825
5.6900;11.4911
5.7000;11.4997
5.7100;11.5083
5.7200;11.5168
5.7300;11.5252
5.7400;11.5336
5.7500;11.5420
5.7600;11.5503
5.7700;11.5585
5.7800;11.5667
5.7900;11.5749
5.8000;11.5830
5.8100;11.5911
5.8200;11.5991
5.8300;11.6071
5.8400;11.6150
5.8500;11.6229
5.8600;11.6307
5.8700;11.6385
5.8800;11.6463
5.8900;11.6540
5.9000;11.6617
5.9100;11.6693
5.9200;11.6769
5.9300;11.6844
5.9400;11.6919
5.9500;11.6994
5.9600;11.7068
5.9700;11.7141
5.9800;11.7215
5.9900;11.7288
6.0000;11.7360
